FolderName,IsBlog
2016,false
2017,false
2018,false
2019,false
2020,false
2020-03-11-Had-a-blast-at-the-Philly-ChefConference-last-wee,false
2020-03-21-It-s-Angélique-Kidjo-s-Birthday-and-Her-Country-s,false
2020-03-24-The-COVID-19-pandemic-is-a-grave-challenge-to-the-,false
2020-04-06-Do-you-know-what-I-miss-the-most-during-quarantin,false
2020-04-08-WorkMerk-recently-adapted-its-workforce-managemen,false
2020-04-14-What-I-miss-the-most-being-quarantined-I-miss-be,false
2020-04-21-What-I-miss-the-most-being-quarantined-Going-to-,false
2020-04-28-What-I-miss-most-Booking-jazz-for-SOUTH-just-,false
2020-04-28-What-I-missed-most-being-quarantined-Chaine-des-,false
2020-05-01-FlashbackFriday-Who-remembers-MikeSchmidt-Who-,false
2020-05-01-Philly-jazz-still-very-much-a-happening-organism,false
2020-05-05-What-am-I-missing-today-more-than-ever-Before-the,false
2020-05-06-What-am-I-up-to-today-VSP-of-course-One-of-my-c,false
2020-05-08-People-always-ask-me-Do-you-have-kids-and-I-sa,false
2020-05-08-Why-do-people-giveback-to-their-community-My-w,false
2020-05-11-What-Do-I-Miss-Most-Mondays-Hanging-w-My-Sis-S,false
2020-05-13-Thank-you-to-all-the-nurses-who-run-towards-the-li,false
2020-05-13-What-am-I-up-to-Even-though-I-look-like-a-bank-r,false
2020-05-15-Flashback-Fridays-Someone-asked-me-the-other-day-,false
2020-05-15-Virus-Safe-Pro-is-a-major-game-changer-It-s-a-gre,false
2020-05-18-What-do-I-miss-most-Mondays-Delivering-food-to,false
2020-05-19-Support-artists-by-becoming-a-member-of-the-Jazz-C,false
2020-05-20-What-am-I-up-to-Wednesdays-I-m-cutting-back-on,false
2020-05-22-Flashback-Fridays-I-ve-really-been-missing-Jazz-,false
2020-05-22-The-Feed-Philly-Coalition-is-on-track-to-feed-1-00,false
2020-05-25-What-I-miss-Most-Mondays-Going-to-my-Grandma-s-a,false
2020-05-27-What-I-am-up-to-Wednesdays-Take-out-Like-everyon,false
2020-05-29-Flashback-Fridays-My-favorite-place-in-the-whole-,false
2020-06-01-What-I-miss-most-Mondays-My-buddy-7-Not-just-,false
2020-06-03-What-I-have-been-up-to-Wednesdays-We-all-have-li,false
2020-06-05-Flashback-Fridays-I-don-t-exactly-remember-whe,false
2020-06-08-PLEASE-CONTACT-CITY-COUNCIL-TODAY-The-future-of-t,false
2020-06-11-The-restaurant-industry-especially-in-Philadelph,false
2020-06-11-Today-is-your-day-to-support-blackowned-restauran,false
2020-06-18-Businesses-have-begun-opening-up-are-you-ready-,false
2020-06-18-Does-anyone-else-miss-being-able-to-eat-out-More-,false
2020-06-19-What-strides-have-you-made-in-your-community-latel,false
2020-06-24-In-efforts-to-combine-my-restaurant-experience-wit,false
2020-06-26-Do-you-know-what-I-did-this-week-I-bought-a-pair-,false
2020-07-08-I-know-we-re-allowed-to-go-out-but-I-still-want-t,false
2020-07-08-Wondering-what-kind-of-difference-you-can-make-in-,false
2020-07-09-Metronome-is-a-film-about-one-man-s-struggles-and-,false
2020-07-09-The-people-of-Philadelphia-that-are-struggling-mor,false
2020-07-10-Alex-s-Lemonade-Stand-is-a-non-profit-organization,false
2020-07-10-Who-s-hitting-up-some-local-restaurants-in-Philly-,false
2020-07-14-Who-s-ready-for-a-summer-of-Brotherly-Love-I-can-,false
2020-07-15-This-weekend-July-17-19-the-Philadelphia-Film-So,false
2020-07-17-There-s-something-about-Friday-s-that-makes-you-wa,false
2020-07-20-Mr-John-Lewis-was-a-legendary-leader-in-the-Civil,false
2020-07-24-Don-t-forget-to-show-your-support-for-The-Film-Soc,false
2020-07-27-Though-we-ve-made-a-lot-of-progress-these-last-few,false
2020-07-29-This-past-weekend-I-spent-some-time-going-through,false
2020-07-31-What-do-you-get-when-you-put-Bruce-Willis-Alec-Ba,false
2020-08-03-If-you-like-reading-up-on-the-latest-news-and-upda,false
2020-08-05-Most-people-who-know-me-know-that-I-m-an-avid-rea,false
2020-08-06-I-m-tuning-into-a-Wharton-Webinar-today-about-Bus,false
2020-08-07-Happy-National-Purple-Heart-Day-Spare-a-moment-to,false
2020-08-08-Ideas-are-easy-Executions-is-everything-John-D,false
2020-08-10-Missing-the-tropical-ambiance-inside-Cuba-Libre-b,false
2020-08-12-Joe-Biden-announced-Sen-Kamala-Harris-as-his-runn,false
2020-08-14-These-are-uncertain-times-but-that-doesn-t-mean-w,false
2020-08-16-As-a-longtime-baseball-fans-it-s-wonderful-to-see,false
2020-08-16-As-probably-everybody-knows-I-love-going-out-and-,false
2020-08-17-I-ll-be-tuning-into-an-informative-webinar-this-W,false
2020-08-18-On-this-historic-day-of-the-19thamendment-let-s-,false
2020-08-19-Learning-about-the-history-of-poetry-for-protes,false
2020-08-21-Last-week-I-listened-in-on-a-webinar-about-optimi,false
2020-08-24-Picked-up-the-Miles-Davis-album-Big-Fun-earlier-,false
2020-08-25-Going-to-jazz-night-at-brut-bar-this-Friday-you,false
2020-08-26-Even-good-writers-need-to-brush-up-on-the-basics-,false
2020-08-27-Our-health-is-a-serious-issue-that-we-sometimes,false
2020-08-28-The-Hayman-Foundation-proudly-donated-to-Alex-s-Le,false
2020-09-01-Loving-the-response-for-VirusSafePro-the-new-he,false
2020-09-02-Join-me-on-the-Hump-Day-How-To-segment-on-Facebo,false
2020-09-04-This-pandemic-has-affected-countless-Philadelphi,false
2020-09-06-The-Philadelphia-Jazz-and-Soul-Festival-is-moving-,false
2020-09-10-I-am-proud-to-advocate-with-The-feed-philly-coalit,false
2020-09-13-Mike-Reichwein-is-a-loving-father-of-four-and-a-lo,false
2020-09-14-Attending-Global-Futurist-and-CEO-of-Fast-Future-,false
2020-09-23-Now-is-more-important-than-ever-to-support-equal,false
2020-11-10-Have-been-working-diligently-on-laplacita-a-new-,false
2020-11-16-Yoga-has-become-a-very-important-part-of-my-routin,false
2020-11-18-So-cool-what-happens-online-now-My-old-Fraternity,false
2020-11-24-Rest-in-Peace-BruceBoynton-Known-for-being-arre,false
2020-12-03-In-these-times-it-s-important-to-buy-local-to-supp,false
2021,false
2021-01-05-Another-day-another-dollar-wmconshy-workmerk-c,false
2021-01-05-Went-to-Rittenhouse-Square-the-other-day-and-shopp,false
2021-01-12-Really-getting-into-this-vegan-thing-trying-to-l,false
2021-01-13-Working-with-the-feed-philly-coalition-and-the-H,false
2021-01-14-Just-got-my-new-Christian-Scott-aTunde-Adjuah-reco,false
2021-01-17-Went-to-harrys-smoke-shop-to-catch-up-with-my-goo,false
2021-01-18-Dinner-last-night-Barbeque-honey-carrots-w-caul,false
2021-01-19-Listening-to-my-new-JohnColtrane-The-Lost-Album-,false
2021-01-25-Reading-up-on-Health-and-anti-aging-for-my-project,false
2021-01-28-Working-on-the-Narration-for-my-animated-series-t,false
2021-01-31-Still-working-on-getting-this-vegan-thing-down-Th,false
2021-02-11-Share-the-love-event-this-weekend-Come-sharethel,false
2021-04-01-Listen-to-me-speak-about-my-weekly-schedule-what,false
2021-04-02-One-of-our-partners-laplacitaphilly-please-go-fol,false
2021-04-09-Today-was-filled-with-a-lot-of-creative-work-,false
2021-04-13-How-do-you-feel-about-thrillers-love-triangles-C,false
2021-04-15-I-enjoyed-myself-deathofthefoxbrewingco-yesterday,false
2021-04-24-How-much-water-do-you-drink-a-day-Stats-say-t,false
2021-06-01-Behind-the-scenes-if-metronomethefilm-with-,false
2021-06-11-Head-over-to-youtube-SUBSCRIBE-FOLLOW-me-here,false
2021-06-18-The-1st-elevan11foundation-friends-and-family-,false
2021-06-22-Check-out-my-latest-projects-throughout-my-profi,false
2021-06-22-HUSTLE-That-s-all-I-know-since-your-he,false
2021-06-25-If-music-is-the-food-of-love-play-on-said-Will,false
2021-06-25-Want-to-leave-these-movie-posters-here-so-the-hype,false
2021-07-13-Editing-metronomethefilm-trailer-just-w,false
2021-07-26-Late-Nights-Earl-Mornings-In-my-online-mba-c,false
2021-08-06-I-would-like-to-give-my-friends-a-warm-welcome-bac,false
2021-08-06-QUOTE-OF-THE-DAY-With-harryhayman4-haveables,false
2021-08-06-The-next-virtual-booktalk-by-mightywriters-featu,false
2021-08-06-harryhayman4-enjoys-the-little-things-in-life-,false
2021-08-10-I-think-I-m-starting-to-have-an-obsession-with-my-,false
2021-08-11-Daily-Quote-Be-The-Change-You-Wish-To-See-In-The,false
2021-08-13-What-a-beautiful-night-out-48thstreetgrille-with-,false
2021-08-16-Enjoying-my-weekend-in-Ocean-City-Maryland-some,false
2021-08-18-metronomethefilm-had-the-opportunity-of-sitting,false
2021-08-20-Yesterday-I-had-the-chance-to-grab-lunch-eltacoan,false
2021-08-23-appetitefordestructionfilm-is-just-one-of-many-sc,false
2021-08-24-Coming-to-southjazzkitchen-emmalineofficial-W,false
2021-09-05-Tune-into-harryhayman4-speak-about-his-new-read-o,false
2021-09-07-Tune-into-this-weekly-update-with-harryhayman4-wh,false
2021-09-14-Attending-this-for-next-few-days-A-FREE-expert-in,false
2021-09-15-The-first-time-I-read-this-gentleman-s-story-I-was,false
2021-09-26-Hanging-out-in-huntingpark-here-in-philadelphia-,false
2021-09-26-I-would-love-some-feedback-for-my-upcoming-project,false
2021-10-01-Meet-with-jakenainteasy-jacksummers-going-over-,false
2021-10-01-restinpeace-Dr-Lonnie-Smith-a-Hammond-B-3-or,false
2021-10-06-Another-children-story-underway-from-harryhayman3,false
2021-10-06-Visit-harryhayman3heartsexperience-and-check-out-,false
2021-10-07-southjazzkitchen-was-a-beautiful-experience-bro,false
2021-10-10-Take-a-moment-to-listen-to-me-chat-with-you-about-,false
2021-10-11-In-the-studio-doing-what-I-do-best-voiceovers-wi,false
2021-10-12-Great-time-to-get-my-social-media-gurus-together-t,false
2021-10-16-Be-sure-to-check-out-my-highlights-at-the-top-of-t,false
2021-10-19-He-once-said-It-ain-t-as-bad-as-you-think-It-wil,false
2021-10-27-It-s-not-how-much-we-give-but-how-much-love-we-put,false
2021-10-28-Finally-getting-around-to-writing-Every-Great-Bas,false
2021-10-28-This-October-30-you-have-the-power-to-make-a-diff,false
2021-10-29-According-to-the-National-Institutes-of-Health-sc,false
2021-10-29-From-Ted-Simmons-to-Charlie-Morton-at-least-one-f,false
2021-11-04-The-Five-Forces-reveals-how-technology-is-unleashi,false
2021-11-08-Bourdain-spared-no-one-s-appetite-as-he-revealed-w,false
2021-11-08-Cheers-to-new-beginnings-Be-willing-to-be-a-begin,false
2021-11-08-Take-time-and-notice-what-s-around-you-That-s-the,false
2021-11-09-I-my-501-C-3s-The-Feed-Philly-Coalition-would-li,false
2021-11-11-This-Veterans-Day-you-can-show-your-gratitude-for,false
2021-11-15-If-you-did-not-get-a-chance-to-watch-https-www-,false
2021-11-16-About-to-go-Live-on-our-Webinar-to-discuss-on-how-,false
2021-11-16-Join-us-on-Friday-November-26-at-8PM-for-some-liv,false
2021-11-22-Join-us-on-Saturday-December-4-for-an-afternoon-o,false
2021-11-25-Thanksgiving-wins-the-award-for-the-best-holiday-b,false
2021-11-29-I-really-think-a-champion-is-defined-not-by-their-,false
2021-12-01-LGBTQ-youth-will-always-be-in-need-of-inspiration,false
2022,false
2022-01-13-2022-NYC-Winter-Jazzfest-Broadcasting-January-14,false
2022-01-13-Excited-to-listen-and-learn-Elizabeth-Economy-a,false
2022-01-13-I-m-attending-the-Alvin-Ailey-American-Dance-Theat,false
2022-01-20-The-proper-aim-of-giving-is-to-put-the-recipient-i,false
2022-01-27-Remembering-Meat-Loaf-a-Singer-Who-Was-Larger-Tha,false
2022-02-07-Celebrating-a-Century-of-HBR-How-Will-You-Measur,false
2022-03-08-Happy-International-women-s-day-to-all-women-You-,false
2022-03-12-Oh-It-s-Friday-again-Share-the-love-that-was-mis,false
2022-06-08-Looking-to-get-involved-and-support-the-community-,false
2022-06-09-Inviting-everyone-to-join-us-to-kick-off-the-Let-s,false
2022-06-10-Thank-you-to-the-Philadelphia-Tribune-for-the-grea,false
2022-06-13-Join-me-Monday-June-13th-at-6-30-pm-We-are-so-,false
2022-06-13-So-excited-to-join-my-friends-Lori-Jones-Kim-Hall,false
2022-06-14-Lights-Camera-Action-Before-we-even-get-to-the-,false
2022-06-15-BEHAG-My-Big-Harry-Audacious-Goal-needs-you-The-,false
2022-06-16-Extra-Extra-Ready-All-About-Coming-soon-we-will,false
2022-06-17-The-Gray-Bradley-Hayman-award-is-near-and-dear-to-,false
2022-06-20-Great-cause-good-people-all-at-The-Great-Chefs-Sa,false
2022-06-21-The-important-thing-is-to-make-a-different-world-,false
2022-06-22-It-s-great-to-see-everyone-at-The-Chamber-of-Comme,false
2022-06-23-Supporting-the-work-of-Roz-Prevention-Point-Pr,false
2022-06-24-Are-you-taking-care-of-your-health-I-ve-been-on-a,false
2022-06-27-Mural-Arts-Philadelphia-hosted-a-day-filled-with-w,false
2022-06-28-Few-will-have-the-greatness-to-bend-history-itsel,false
2022-06-29-Every-child-deserves-to-eat-this-summer-It-s-time,false
2022-06-30-I-always-feel-better-after-watching-the-sunset-it,false
2022-07-01-How-can-you-help-Time-donations-and-dollars-We,false
2022-07-06-A-few-pieces-of-art-that-caught-my-eye-from-the-Na,false
2022-07-07-I-ve-spent-over-25-years-of-management-experience-,false
2022-07-08-I-had-a-chance-to-visit-MoMA-in-New-York-Here-ar,false
2022-07-12-Let-s-roll-up-our-sleeves-up-and-get-involved-this,false
2022-07-13-As-you-know-I-m-working-on-projects-to-build-indo,false
2022-07-14-We-often-hear-that-healthy-food-is-more-expensive-,false
2022-07-15-It-s-great-to-see-Broadway-open-again-Throughout-,false
2022-07-15-Thank-you-to-The-Philadelphia-Inquirer-for-celebra,false
2022-07-18-LoveIsLove-Attended-the-Pride-Month-Kick-Off-at-E,false
2022-07-19-Have-you-had-a-chance-to-read-The-Philadelphia-Inq,false
2022-07-20-The-Shared-Food-Program-is-an-organization-I-volun,false
2022-07-21-Did-you-go-to-the-park-as-a-youth-Do-you-ever-tak,false
2022-07-22-Here-s-an-event-I-m-Looking-forward-to-attending-,false
2022-07-25-2022-is-a-big-year-for-me-I-m-constantly-working-,false
2022-07-26-We-are-still-in-the-position-of-waking-up-and-hav,false
2022-07-27-Exciting-meeting-with-Kevin-Doyle-from-Envista-Far,false
2022-07-28-Why-am-I-focusing-on-my-education-My-goal-is-to-m,false
2022-07-29-What-is-the-solution-to-gun-violence-Restrictive-,false
2022-08-01-As-many-know-we-have-a-new-Superintendent-of-The-,false
2022-08-02-I-don-t-just-talk-about-community-gardens-I-part,false
2022-08-03-Sometimes-you-get-caught-in-the-moment-with-your-t,false
2022-08-04-Zanzibar-Blue-was-the-epicenter-of-Philadelphia-s-,false
2022-08-08-On-my-constant-growth-mission-I-will-be-a-part-of,false
2022-08-09-My-babies-Heirlooms-from-the-garden-they-taste-,false
2022-08-10-People-often-complain-about-the-problems-and-under,false
2022-08-11-Philadelphia-has-many-incredible-locations-and-Ba,false
2022-08-12-Big-News-Excited-to-be-submitting-one-of-my-docu,false
2022-08-15-In-the-mood-for-live-jazz-and-delicious-food-I-ve,false
2022-08-16-Looking-forward-to-attending-ImpactPHL-s-next-Impa,false
2022-08-17-Happy-to-be-able-to-make-it-out-to-support-my-frie,false
2022-08-18-Congratulations-to-the-2022-Diversity-in-Business-,false
2022-08-22-Connecting-and-networking-with-like-minded-people-,false
2022-08-23-Another-successful-GPLEX-2022-Cohort-Networking-Ha,false
2022-08-24-Ready-for-fun-times-as-I-go-to-see-my-friend-Chef,false
2022-08-25-How-do-we-effectively-impact-change-That-s-the-ag,false
2022-08-29-I-will-miss-my-dear-friend-Monnette-Sudler-I-ve-k,false
2022-08-30-The-North-Broad-Renaissance-hosts-monthly-roundtab,false
2022-08-31-I-tried-something-new-and-it-was-Simply-Delicious,false
2022-09-01-It-s-Happening-Always-excited-to-talk-about-indoo,false
2022-09-02-My-condolences-to-the-family-and-friends-of-Michae,false
2022-09-06-Hobnobbing-with-Dr-Ashley-Jordan-President-CEO,false
2022-09-07-Let-s-play-ball-I-wanted-to-acknowledge-the-birth,false
2022-09-08-Planning-and-discussing-significant-initiatives-at,false
2022-09-09-Recognize-that-every-interaction-you-have-is-an-o,false
2022-09-12-What-an-incredible-performance-by-Samara-Joy-So-t,false
2022-09-13-Night-time-in-Philly-is-about-to-see-a-few-changes,false
2022-09-14-Who-s-ready-to-network-I-will-attend-ImpactPHL-s-,false
2022-09-15-DC-Central-Kitchen-DCCK-has-a-new-facility-Shout,false
2022-09-16-How-do-you-define-success-Success-is-not-measure,false
2022-09-19-Such-a-pleasure-and-honor-to-host-my-friend-Sam-Ka,false
2022-09-20-Love-my-high-school-buds-love-them-so-much-I-am-wr,false
2022-09-21-Time-for-some-action-Small-actions-add-up-during-,false
2022-09-22-No-matter-how-tough-the-chase-is-you-should-alwa,false
2022-09-23-Looking-forward-to-a-night-of-electrifying-music-,false
2022-09-26-Podcasting-Special-Thanks-to-Ashley-Harder-,false
2022-09-27-Save-the-Date-It-s-been-announced-that-Jazzmeia-,false
2022-09-28-So-happy-to-welcome-back-the-incredible-Grace-Kell,false
2022-09-29-So-proud-and-humbled-to-be-present-at-the-retireme,false
2022-09-30-So-exciting-to-be-working-w-TAG-The-Agrarian-Gro,false
2022-10-02-Looking-forward-to-discussing-hot-topics-and-netwo,false
2022-10-03-So-enjoyed-spending-the-day-w-my-Economy-League-F,false
2022-10-04-Couldn-t-let-this-month-go-by-without-acknowledgin,false
2022-10-05-The-ultimate-goal-of-farming-is-not-the-growing-o,false
2022-10-06-So-excited-to-be-present-and-meet-Dr-Jamie-Green-,false
2022-10-07-Please-come-out-and-support-the-hard-working-folks,false
2022-10-10-Monday-October-10-2022-is-World-Mental-Health-D,false
2022-10-10-So-excited-to-be-associated-with-presenting-this-i,false
2022-10-11-Going-to-this-tonight-to-support-my-teammate-who-,false
2022-10-11-Save-the-Date-for-the-2023-Lemon-Ball-Please-join,false
2022-10-13-October-11th-was-International-Day-of-the-Girl-In,false
2022-10-13-Tonight-10-13-22-at-6-pm-Community-College-of-Ph,false
2022-10-14-If-you-want-to-find-out-what-s-happening-in-Philly,false
2022-10-17-Wow-so-incredible-to-be-at-the-Motown-Museum-and-,false
2022-10-18-While-in-Detroit-I-visited-The-Charles-H-Wright-,false
2022-10-19-Want-to-say-thank-you-to-Meg-Dwight-and-the-en,false
2022-10-20-We-ve-just-announced-that-the-best-and-brightest-s,false
2022-10-24-We-are-excited-about-the-upcoming-ACT-2-2022-Holi,false
2022-10-25-The-Jazz-doesn-t-stop-we-have-an-amazing-roster-o,false
2022-10-26-Next-on-the-Holiday-Line-Up-is-DEC-16-18-JEFF-BR,false
2022-10-27-You-don-t-want-to-miss-another-great-on-our-holida,false
2022-10-28-So-excited-to-have-attended-the-Jazz-Summit-Direct,false
2022-10-28-We-are-still-hard-at-work-on-the-plans-to-bring-in,false
2022-10-29-October-27th-was-the-third-annual-Black-Entreprene,false
2022-10-31-Look-forward-to-seeing-everyone-An-Evening-with-S,false
2022-11-01-Thursday-November-3-2022-is-Philadelphia-s-Urba,false
2022-11-02-So-happy-to-have-contributed-to-the-Black-Doctors-,false
2022-11-04-Happy-to-announce-that-I-ve-mentioned-as-one-of-th,false
2022-11-07-Looking-forward-to-attending-The-Robert-Irvine-Fou,false
2022-11-10-So-much-enjoy-the-LAI-tours-and-looking-forward-to,false
2022-11-11-I-am-so-proud-to-be-working-on-a-book-platform-a,false
2022-11-11-Thanks-so-much-to-WHYY-s-Checkpleasephilly-for-sh,false
2022-11-15-I-think-having-land-and-not-ruining-it-is-the-mos,false
2022-11-22-Pleased-and-honored-to-meet-Dominic-Vitiello-to-ta,false
2022-11-23-Happy-to-do-my-small-part-and-spin-the-wheel-f,false
2022-11-24-So-much-looking-forward-to-continuing-the-traditio,false
2022-11-25-Great-to-see-my-old-friend-Pierre-Robert-at-Presto,false
2022-11-28-So-happy-to-be-actively-involved-with-my-community,false
2022-11-30-Mad-props-to-max-maxvernon-com-and-the-whole-Tatt,false
2022-12-01-And-special-thanks-and-true-appreciation-to-Haile-,false
2022-12-05-So-great-to-meet-connect-have-dinner-with-Victor,false
2022-12-06-Looking-forward-to-seeing-my-friends-at-The-Sustai,false
2022-12-07-Are-you-looking-to-talk-to-the-people-making-thing,false
2022-12-08-Clínica-de-Migrantes-Really-cool-heart-warming-d,false
2022-12-09-Finally-Looks-like-this-is-it-We-re-making-a-m,false
2022-12-12-So-happy-proud-and-honored-to-have-welcomed-my-n,false
2022-12-13-Happy-to-be-virtually-attending-the-Urban-Strateg,false
2022-12-14-So-nice-to-meet-and-have-a-coffee-meeting-with-Rah,false
2022-12-15-So-happy-to-have-been-able-to-join-my-new-friend-D,false
2022-12-16-Excited-to-be-a-part-of-The-North-Broad-Street-Ren,false
2022-12-19-So-excited-to-be-one-of-these-investors-We-re-pr,false
2022-12-20-Working-hard-with-my-Economy-League-Fam-and-the-Eq,false
2022-12-21-The-Economy-League-of-Greater-Philadelphia-is-laun,false
2022-12-22-Just-got-my-tickets-The-iconic-Dance-Theatre-of-,false
2022-12-23-I-often-say-my-friend-this-and-my-friend-that-,false
2022-12-27-Happy-to-support-our-friends-at-the-Clef-Club-and-,false
2022-12-28-We-want-to-acknowledge-our-friends-at-PCK-especia,false
2022-12-29-Chilling-with-my-man-Banksy-this-weekend-Who-s-Ba,false
2023,false
2023-01-03-I-want-to-give-these-guys-some-shine-met-the-lov,false
2023-01-04-Want-to-shout-out-and-acknowledge-my-friend-Sulaim,false
2023-01-09-Philly-Soul-Now-heads-in-a-new-direction-with-more,false
2023-01-16-Do-you-have-a-community-centered-solution-to-suppo,false
2023-01-18-Took-a-tour-to-the-Navy-Shipyard-with-the-LAI-Grou,false
2023-01-23-You-often-see-me-post-about-the-need-for-us-all-to,false
2023-01-24-Indoor-agriculture-is-here-and-is-a-massive-part-o,false
2023-01-25-I-have-seen-tasted-and-experienced-the-future-an,false
2023-01-26-It-is-with-great-sadness-that-I-acknowledge-the-pa,false
2023-02-01-If-you-checked-out-some-of-my-other-videos-you-ve,false
2023-02-06-One-of-the-best-parts-about-booking-music-at-SOUTH,false
2023-02-07-I-recently-had-a-chance-to-go-by-one-of-my-favorit,false
2023-02-08-Got-some-super-duper-cool-sample-merch-for-a-proje,false
2023-02-09-BlackHistoryMonth-THERE-S-PLENTY-TO-CELEBRATE-,false
2023-02-10-Very-much-looking-for-to-the-PAGE-SUMMIT-such-im,false
2023-02-14-Hanging-out-this-week-at-the-Philadelphia-Museum-o,false
2023-02-15-Signed-up-for-another-season-at-Spring-Gardens-T,false
2023-02-17-Can-you-teach-an-old-dog-new-tricks-I-sure-hope-,false
2023-02-20-Enjoying-an-in-depth-conversation-with-my-friend-H,false
2023-02-21-I-bet-you-didn-t-know-Yoga-is-my-thing-So-happy-t,false
2023-02-22-Looking-forward-to-seeing-the-candidates-at-the-Ma,false
2023-02-22-The-Obama-Foundation-is-doing-vital-work-to-empowe,false
2023-02-23-Excited-to-announce-that-the-Economy-League-has-be,false
2023-02-24-Good-day-I-want-to-acknowledge-my-new-friend-Lar,false
2023-02-28-Want-to-acknowledge-my-friend-Shalimar-and-all-her,false
2023-03-01-Want-to-acknowledge-all-the-hard-work-of-my-friend,false
2023-03-02-Recently-I-was-able-to-attend-a-really-impactful-e,false
2023-03-03-Recently-had-a-chance-to-enjoy-a-nice-dinner-at-Os,false
2023-03-06-I-want-to-acknowledge-congratulate-and-welcome-Ms,false
2023-03-08-Happy-International-Women-s-Day-WomensHistoryMon,false
2023-03-09-So-excited-to-be-presenting-at-SOUTH-this-month-th,false
2023-03-10-Just-want-to-say-congrats-to-my-friend-Paul-Martin,false
2023-03-13-Change-Can-t-Wait-At-American-University-we-acce,false
2023-03-15-Happy-Ides-of-March-Don-t-often-drink-but-when-I,false
2023-03-16-Special-acknowledgment-and-thanks-to-my-friend-Ma,false
2023-03-17-Excited-to-be-presenting-this-event-with-my-compan,false
2023-03-20-Really-enjoying-working-with-my-friend-Steve-Red-a,false
2023-03-22-So-good-to-attend-The-Food-Policy-Advisory-Council,false
2023-03-23-Looking-forward-to-attending-this-event-kicking-o,false
2023-03-24-Interesting-conversations-and-drinks-with-my-frien,false
2023-03-27-Got-the-band-set-up-on-stage-at-SOUTH-and-headed-o,false
2023-03-28-Looking-forward-to-joining-my-friend-Melina-on-Apr,false
2023-03-29-Please-support-my-friend-Jose-and-all-his-efforts-,false
2023-03-30-Looking-forward-to-joining-my-wonderful-friend-and,false
2023-04-03-Just-want-to-spread-the-word-about-this-event-and-,false
2023-04-04-It-was-one-of-those-times-in-life-when-you-stop-an,false
2023-04-05-It-was-good-to-meet-David-Gould-The-76er-s-Chief-,false
2023-04-07-I-wanted-to-welcome-a-new-friend-to-the-SOUTH-fami,false
2023-04-07-Very-excited-and-honored-to-spend-some-time-with-T,false
2023-04-10-I-want-to-call-your-attention-to-this-event-I-plan,false
2023-04-11-So-excited-and-looking-forward-to-welcoming-my-fri,false
2023-04-13-Looking-forward-to-welcoming-back-my-friend-Alphon,false
2023-04-14-Just-a-quick-post-here-to-acknowledge-a-new-friend,false
2023-04-18-I-m-very-much-looking-forward-to-going-to-New-Orle,false
2023-04-20-Very-much-looking-forward-to-attending-and-support,false
2023-04-21-Hello-All-I-encourage-you-all-to-go-out-and-supp,false
2023-04-24-Very-cool-meeting-last-week-with-Scott-Erdy-I-fo,false
2023-04-25-It-s-that-time-of-year-again-gardening-time-I-,false
2023-04-27-I-just-wanted-to-say-how-incredibly-proud-I-am-of-,false
2023-04-28-I-had-a-chance-this-week-to-attend-an-epic-event-,false
2023-05-02-Wow-Such-a-great-weekend-with-my-friend-Arnetta-,false
2023-05-04-ThrowbackThursday-TBT-Forgot-to-post-this-one-f,false
2023-05-05-HarryHaymanJamaica-Exciting-news-guys-Our-Gemi,false
2023-05-09-Great-day-in-service-with-my-friends-at-the-Econom,false
2023-05-11-This-weekend-I-had-the-pleasure-of-attending-the-,false
2023-05-12-I-was-able-to-make-it-down-to-The-Exit-Zero-Jazz-F,false
2023-05-15-Glad-to-see-my-friend-Bill-Golderer-last-week-and-,false
2023-05-18-Breaking-News-Cherelle-Parker-wins-the-Democratic,false
2023-05-18-I-am-very-much-looking-forward-to-this-event-and-s,false
2023-05-19-Last-week-I-was-honored-to-be-invited-to-attend-a-,false
2023-05-22-Recently-I-had-a-chance-to-attend-a-wonderful-perf,false
2023-05-24-We-ve-been-working-on-a-new-project-with-98-Octane,false
2023-05-25-Tina-Turner-one-of-rock-s-great-vocalists-most-,false
2023-05-26-Have-you-gotten-your-CSA-yet-I-have-What-is-a-,false
2023-05-29-I-have-had-the-good-pleasure-of-working-with-Rober,false
2023-05-30-Looking-forward-to-joining-my-friend-Devi-and-supp,false
2023-05-31-The-Weekend-is-going-to-be-beautiful-please-consi,false
2023-06-01-Excited-to-be-joining-my-friend-George-https-w,false
2023-06-02-I-ll-be-wearing-orange-and-attending-a-wear-Orang,false
2023-06-05-Happy-Pride-Month-to-The-LGBTQIA-community-We-,false
2023-06-06-So-happy-to-have-been-able-to-make-it-by-for-Alex-,false
2023-06-07-So-proud-to-work-with-such-amazing-people-at-the-E,false
2023-06-08-I-got-my-tickets-did-you-get-yours-yet-Get-your,false
2023-06-09-Meeting-and-strategizing-with-my-dear-friend-Gabby,false
2023-06-12-I-cannot-tell-you-how-proud-I-am-of-my-amazing-ne,false
2023-06-13-Just-want-to-take-a-moment-to-acknowledge-all-the-,false
2023-06-14-Just-signed-up-for-this-and-excited-to-attend-it,false
2023-06-15-Very-much-looking-forward-to-this-event-I-plan-o,false
2023-06-16-Always-great-to-see-the-friends-of-my-youth-and-su,false
2023-06-19-Happy-Juneteenth-Today-we-commemorate-a-sign,false
2023-06-20-Such-a-cool-trip-to-Brooklyn-last-week-as-part-of-,false
2023-06-21-You-know-when-you-are-not-sure-what-to-expect-from,false
2023-06-22-In-honor-of-World-Music-Day-I-know-I-know-it-wa,false
2023-06-23-Much-love-and-appreciation-to-the-Javits-Center-fo,false
2023-06-25-Just-a-quick-note-to-acknowledge-National-Upcyclin,false
2023-06-26-CYTO-Cira-is-officially-open-Very-exciting-if,false
2023-06-27-Do-you-have-your-CSA-I-do-and-it-is-so-much-mor,false
2023-06-28-As-we-previously-posted-about-we-are-super-excite,false
2023-06-29-Greetings-point-of-parliamentary-procedure-than,false
2023-06-29-Yup-another-post-about-New-York-this-time-about-t,false
2023-06-30-Please-consider-attending-this-event-supporting-my,false
2023-07-03-Congratulations-to-my-friend-Ellen-Ellen-Yin-rece,false
2023-07-05-Such-a-great-night-of-music-Sunday-southjazzkitch,false
2023-07-06-Just-a-quick-note-to-acknowledge-my-friend-for-the,false
2023-07-07-Pontificating-life-and-hanging-with-my-friend-far,false
2023-07-10-SS23-Radiant-Revival-Drops-July-15th-On-Saturda,false
2023-07-11-I-am-hoping-this-coffee-meeting-was-one-of-those-,false
2023-07-12-I-know-if-I-let-it-drop-where-I-am-going-to-be-t,false
2023-07-13-Here-s-something-to-watch-and-it-s-free-Gratitude,false
2023-07-14-I-am-proud-and-honored-to-know-the-Director-of-thi,false
2023-07-17-Have-to-tell-you-all-about-an-amazing-movement-tha,false
2023-07-18-Such-an-amazing-night-at-Fork-forkrestaurant-last,false
2023-07-19-I-am-really-hoping-the-weather-cooperates-so-we-ca,false
2023-07-20-Such-an-exciting-night-at-The-Kimmel-Cultural-Camp,false
2023-07-21-Happy-to-be-a-fly-on-the-wall-at-the-meeting-of-tw,false
2023-07-24-I-had-the-chance-to-hang-with-my-friend-Akua-on-Sa,false
2023-07-25-Such-an-amazing-day-event-Saturday-during-the-day-,false
2023-07-26-I-had-the-opportunity-to-go-see-Valarie-Erwin-spea,false
2023-07-27-I-am-going-to-be-up-way-past-my-bedtime-tonight-bu,false
2023-07-28-Such-a-great-night-at-The-Bank-with-DAD-BRO-and-U,false
2023-07-31-Epic-night-at-The-Franklin-Institute-Friday-night-,false
2023-08-01-Such-a-wonderful-time-with-family-this-weekend-in-,false
2023-08-02-We-are-very-much-looking-forward-to-this-event-to-,false
2023-08-03-Talk-about-a-man-with-a-plan-I-was-blown-away-by-,false
2023-08-04-I-am-looking-forward-to-seeing-my-friend-Hiruy-ton,false
2023-08-07-Nice-combination-of-business-and-pleasure-this-wee,false
2023-08-08-Going-tonight-to-see-my-friend-Orrin-Evans-IMANI-,false
2023-08-09-Greetings-All-Thank-you-for-the-feedback-We-are-,false
2023-08-10-I-hope-the-weather-cooperates-for-all-as-tonight-I,false
2023-08-11-I-just-got-my-tickets-for-GODSPELL-and-I-am-very-m,false
2023-08-14-So-Freekin-dope-can-I-say-Freekin-I-hope-so-a,false
2023-08-15-Such-an-amazing-weekend-at-the-club-first-of-all-,false
2023-08-16-Okay-we-all-need-to-stop-and-slow-down-for-a-seco,false
2023-08-17-Get-ready-to-savor-the-flavors-of-the-season-Join,false
2023-08-18-Amid-the-hustle-and-bustle-of-life-it-s-essential,false
2023-08-23-I-just-want-to-do-a-quick-post-to-congratulate-to-,false
2023-08-23-So-very-much-looking-forward-to-this-weekend-s-per,false
2023-08-24-Celebrating-2-Wonderful-Years-of-The-Talking-Te,false
2023-08-24-Feel-the-transformation-of-Rock-n-Roll-as-it-e,false
2023-08-28-A-Weekend-to-Remember-with-The-String-Queens-at-SO,false
2023-08-29-Huge-congratulations-to-our-incredible-friend-kim,false
2023-08-30-Unforgettable-Nights-of-Music-with-Victory-Boyd-at,false
2023-08-31-Three-beloved-South-Philly-restaurants-are-at-risk,false
2023-09-01-Escaping-the-hustle-and-bustle-for-a-week-of-pure-,false
2023-09-04-Happy-Labor-Day-and-Greetings-from-Sea-Isle-City-N,false
2023-09-05-What-an-incredible-weekend-it-was-at-SOUTH-and-it,false
2023-09-06-A-Historic-Moment-Witnessed-Being-present-as-hist,false
2023-09-07-Discover-the-Hidden-Gem-Paradigm-Gallery-in-Old-C,false
2023-09-08-Support-Local-Savor-Fresh-Goodness-at-FarmerJawn,false
2023-09-12-An-Evening-of-Artistry-and-Music-with-Steve-Turre-,false
2023-09-12-Remembering-9-11-Honoring-Courage-Resilience-an,false
2023-09-13-Hard-to-believe-we-are-just-17-days-away-from-GPLE,false
2023-09-15-A-special-thanks-to-some-amazing-folks-who-made-ou,false
2023-09-15-I-am-looking-forward-to-attending-the-Departed-eve,false
2023-09-18-Very-Cool-experience-this-weekend-at-Outstanding,false
2023-09-19-Another-absolutely-amazing-event-this-weekend-it-w,false
2023-09-20-Join-The-Sustainable-Business-Network-tonight-for-,false
2023-09-21-What-a-night-to-remember-at-the-African-American-C,false
2023-09-22-Looking-forward-to-joining-TPP-Capital-the-Econom,false
2023-09-25-Amazing-weekend-this-weekend-with-the-truly-lege,false
2023-09-26-I-was-able-to-make-it-over-to-World-Café-Live-on-S,false
2023-09-27-I-just-want-to-take-a-moment-to-encourage-all-to-c,false
2023-09-28-Simple-or-put-there-s-no-better-place-to-be-in-Ph,false
2023-09-29-As-the-week-closes-I-want-to-remember-the-Legenda,false
2023-11-06-A-higher-power-the-Call-of-a-Freedom-fighter-A,false
2023-11-09-Just-a-quick-post-here-to-acknowledge-a-truly-beau,false
2023-11-09-One-of-the-highlights-of-the-month-was-running-int,false
2023-11-09-Please-know-about-the-amazing-Dr-Mandy-Manna-the,false
2023-11-09-Welcome-to-the-world-of-live-music-performance-art,false
2023-11-10-Congratulations-to-Mayor-Cherelle-Parker-It-is-w,false
2023-11-14-Meet-ReDish-and-Caroline-Vanderlip-Champions-for-,false
2023-12-12-PAGE-Summit-2024-Thrilled-to-have-spent-valuabl,false
2023-12-13-Exciting-Ventures-Unveiled-Last-week-brought-to,false
2023-12-14-Highlight-of-the-Week-This-week-was-nothing-shor,false
2023-12-18-Unforgettable-Weekend-at-SOUTH-as-always-What,false
2023-12-22-Transported-into-a-winter-wonderland-at-the-Academ,false
2024,false
2024-01-02-Exciting-Times-Ahead-in-the-Philly-Music-Scene-H,false
2024-01-05-Exciting-Conversation-Alert-I-had-an-amazing,false
2024-01-08-Let-s-Celebrate-Local-Flavors-Thrilled-to-disco,false
2024-01-10-Breaking-Ground-in-the-Future-of-Farming-Get-rea,false
2024-01-12-philabundance-Community-Kitchen-s-94th-Graduation,false
2024-01-15-Today-I-am-reminded-of-the-powerful-words-of-Dr-M,false
2024-01-18-Please-check-out-feed-philly-coalition-Feed-Phi,false
2024-01-22-Excited-to-attend-the-Economy-League-of-Greater-Ph,false
2024-01-26-A-Salute-to-1PHL-Paving-the-Way-for-Tech-Equity-i,false
2024-01-26-Exciting-News-I-am-thrilled-to-support-my-frien,false
2024-01-29-Honored-and-Inspired-I-had-the-immense-privileg,false
2024-02-01-Thrilled-to-shout-out-Two-Locals-Brewing-Co-Phil,true
2024-02-02-I-am-very-passionate-about-non-profit-organization,false
2024-02-05-Exciting-encounter-in-Philadelphia-Last-week-I,false
2024-02-07-Huge-congratulations-to-my-good-friend-Ken-on-of,false
2024-02-09-The-Philadelphia-Jazz-Experience-is-a-project-that,false
2024-02-12-Supporting-local-diverse-and-equitable-businesse,false
2024-02-14-An-Appetite-for-Destruction-A-Decade-of-Denial-,false
2024-02-16-Harry-Hayman-Creative-is-a-website-that-I-use-to-c,false
2024-02-19-The-3-Hearts-Experience-Produces-stories-experie,false
2024-02-21-If-you-haven-t-seen-You-Are-What-You-Eat-A-Twin-,false
2024-02-22-My-favorite-discussion-panel-and-networking-event-,false
2024-02-23-Controlled-environment-agriculture-is-my-driving-f,false
2024-02-24-Congratulations-WIN-WIN-Coffee-winwincoffee,false
2024-02-26-The-5th-Annual-PAGE-Summit-is-this-Thursday-econ,false
2024-02-27-The-Page-Summit-2024-is-this-Thursday-If-you-hav,false
2024-02-28-Tomorrow-is-the-2024-PAGE-Summit-There-s-only-a-,false
2024-03-01-Exciting-News-Happy-Women-s-History-Month-,false
2024-03-04-Recap-of-the-PAGE-Summit-2024-Once-again-econo,false
2024-03-06-Join-us-in-celebrating-Women-s-History-Month-wit,false
2024-03-07-Big-congratulations-to-Rachel-Branson-on-her-appoi,false
2024-03-08-Huge-Shoutout-to-velvetwhipphilly-for-their-1-yea,false
2024-03-11-The-Page-Summit-was-a-huge-huge-success-Everyone,false
2024-03-12-What-are-you-doing-this-Friday-in-Philadelphia-,false
2024-03-13-Interested-in-Live-Music-in-Philadelphia-Check-o,false
2024-03-18-When-people-ask-how-they-can-get-involved-with-our,false
2024-03-19-Today-is-National-Agriculture-Day-This-day-and-,false
2024-03-25-More-on-our-Documentary-I-Am-Hungry-Which-expl,false
2024-03-28-312-000-Philadelphia-citizens-are-food-insecure-,false
2024-03-29-Get-freshly-grown-and-produced-salsas-sauces-and-,false
2024-04-02-Have-you-ever-seen-Jazz-live-You-really-shoul,false
2024-04-09-The-Economy-League-of-Philadelphia-economyleagu,false
2024-04-12-Huge-shoutout-to-Alba-Martínez-for-doing-such-an-a,false
2024-04-12-Who-cares-about-helping-the-less-fortunate-I-car,false
2024-04-15-Big-congratulations-to-my-incredible-friend-Christ,false
2024-04-18-Honored-and-humbled-to-be-featured-on-6abcactionn,false
2024-04-19-Join-me-and-the-economyleague-on-June-13th-and-14,false
2024-04-22-HUGE-announcement-from-the-broadstreetmin-on-Tu,false
2024-04-25-RESCHEDULED-Blue-Jean-Gala-at-Fox-Chase-Farms-Su,false
2024-04-26-Veggie-Graffiti-could-soon-be-in-a-grocery-store-n,false
2024-04-30-Please-follow-iamhungryinphiladelphia-for-more-on,false
2024-04-30-Today-we-recognize-International-Jazz-Day-Jazz-h,false
2024-05-03-May-is-Mental-Health-Awareness-month-This-month-,false
2024-05-06-Today-on-National-Holocaust-Remembrance-Day-we-p,false
2024-05-10-Please-consider-funding-our-Documentary-I-Am-Hung,false
2024-05-13-Last-chance-to-register-for-the-Equitable-Growth-a,false
2024-05-14-Interested-in-hearing-the-wild-and-true-stories-wi,false
2024-05-15-LAST-DAY-TO-REGISTER-Washington-D-C-2-Day-,false
2024-05-20-Manna-is-kicking-off-the-summer-at-morganspier-wi,false
2024-05-23-Sunday-May-26th-The-Velvet-Whip-10-30-AM-,false
2024-05-24-All-donations-above-1-will-get-your-name-included,false
2024-05-28-The-Robert-Irvine-Foundation-is-the-best-way-to-pr,false
2024-05-29-Become-an-Associate-Producer-of-I-Am-Hungry-Visit,false
2024-06-03-I-Am-Hungry-has-been-featured-in-its-first-press,false
2024-06-04-Host-your-own-Alex-s-Lemonade-Stand-this-June-to-s,false
2024-06-05-I-got-my-ticket-to-Common-Ground-did-you-Common,false
2024-06-12-Share-Food-Program-s-Annual-Party-in-the-Warehous,false
2024-06-18-Support-a-Local-Fair-and-Just-Food-Economy-As-,false
2024-06-20-Celebrating-Juneteenth-Freedom-Day-Today-we-com,false
2024-06-21-We-are-honored-to-work-with-Jeff-Jones-an-incred,false
2024-06-24-Exciting-Trip-To-DC-Last-Week-I-had-the-privile,false
2024-07-01-Take-a-trip-to-San-Diego-GPLEX-2024-Calling-al,false
2024-07-03-Big-Congratulations-to-Dr-Erica-Patterson-Rebecc,false
2024-07-07-Recent-interview-with-harryhayman4-He-provides-,false
2024-07-11-Interested-in-locally-naturally-grown-corn-in-Ph,false
2024-07-13-Our-Philadelphia-neighbors-are-not-able-to-afford,false
2024-10-03-I-had-the-pleasure-of-visiting-Pretty-Girls-Cook-,false
2024-10-04-Meshell-Ndegeocello-put-on-an-unforgettable-perfor,false
2024-10-09-What-an-incredible-day-at-the-Sanctuary-Farms-3rd-,false
2024-10-14-Down-North-Pizza-is-hands-down-one-of-the-best-s,false
2024-10-14-What-an-incredible-time-at-Northern-Liberties-Seco,false
2024-10-15-Looking-forward-to-presenting-the-one-and-only-Ndu,false
2024-10-15-Shoutout-to-Honeysuckle-Provisions-at-310-S-48t,false
2024-10-16-Excited-and-looking-forward-to-heading-to-San-Di,false
2024-10-18-We-landed-grabbed-our-bags-and-our-first-stop-,false
2024-10-19-Day-One-Recap-GPLEX-San-Diego-Day-1-of-GPLEX-Sa,false
2024-10-19-Teambuilding-dinner-with-the-ELGP-team-last-night-,false
2024-10-19-What-an-incredible-official-start-to-GPLEX-T,false
2024-10-20-Day-2-of-GPLEX-was-all-about-health-equity-life-,false
2024-10-21-GPLEX-Day-3-A-Day-of-Bonding-Exploration-and-I,false
2024-10-21-GPLEX-Day-Three-Recap-Workforce-Development-and-R,false
2024-10-21-Saturday-marked-the-start-of-an-incredible-day-of-,false
2024-10-22-Dineround-Time-at-GPLEX-A-Night-of-Food-Wine-a,false
2024-10-22-GPLEX-2024-Day-Four-Recap-Building-a-Global-Econo,false
2024-10-22-Regional-Exploration-Feeding-San-Diego-A-Deep,false
2024-10-23-Be-Part-of-Something-Special-Love-Your-Neighbor-F,false
2024-10-28-Celebrating-Connections-and-Impact-at-GPLEX2024-,false
2024-10-30-Exciting-things-are-happening-We-re-making-str,false
2024-10-30-I-m-excited-to-attend-the-upcoming-lunch-with-Mich,false
2024-10-30-It-s-Vegan-Restaurant-Week-Whether-you-re-vegan,false
2024-11-06-Join-Us-in-Supporting-Philadelphia-s-Next-Genera,false
2024-11-07-Yesterday-was-truly-a-memorable-event-at-Fox-Chase,false
2024-11-08-We-shot-this-video-a-little-while-ago-but-life-go,false
2024-11-09-What-an-Unforgettable-Night-at-SOUTH-This-week-,false
2024-11-10-Spotlight-on-Eric-Marsh-Philly-s-Champion-for-Com,false
2024-11-11-Today-on-Veterans-Day-I-want-to-extend-my-deepes,false
2024-11-12-Amazing-Event-Alert-The-Philadelphia-School-Distr,false
2024-11-14-Amazing-Dining-Experience-Alert-Had-an-absolutel,false
2024-11-15-An-Incredible-Week-of-Exciting-Events-Last-week-,false
2024-11-17-A-Bon-Appétit-Worthy-Night-at-My-Loup-This-week,false
2024-11-19-What-an-incredible-day-at-the-Ideas-We-Should-Ste,false
2024-11-22-Join-us-as-we-celebrate-the-Economy-League-s-115th,false
2024-11-26-We-re-exploring-Chicago-for-GPLEX-2025-From-arc,false
2024-12-02-Greater-Philadelphia-Talent-Meets-Innovation-Th,false
2024-12-02-Honored-to-Meet-Beth-Koigi-the-Visionary-Behind-M,false
2024-12-04-A-Profound-Honor-Visiting-the-One-Off-Gallery-in-,false
2024-12-04-Controlled-Environment-Agriculture-is-the-key-to,false
2024-12-05-Philly-Soul-Now-Your-Ultimate-Guide-to-a-Soulf,false
2024-12-06-A-Love-Letter-to-Coffee-Cream-Dreams-There-s-,false
2024-12-07-SOUTH-is-on-This-Weekend-This-weekend-SOUTH-is,false
2024-12-12-I-had-the-pleasure-of-attending-the-115th-Annivers,false
2024-12-17-Step-into-the-warmth-of-the-holidays-at-South-Jazz,false
2025,false
2025-01-01-Cheers-to-new-opportunities-fresh-starts-and-the,false
2025-01-06-GPLEX-Winter-Party-Reconnect-Recharge-Kick-o,false
2025-01-09-Weekend-Highlight-Our-Culinary-Journey-to-Basti,false
2025-01-10-Farewell-to-Wonderspaces-A-Philadelphia-Gem-,false
2025-01-11-Planning-2025-Adventures-First-Stop-Oahu-Hawa,false
2025-01-15-A-huge-shoutout-to-PlantedDetroit-a-true-gem-,false
2025-01-16-Been-a-little-under-the-weather-but-before-that-,false
2025-01-16-OMG-Third-Kingdom-NYC-is-an-absolute-VIBE-We,false
2025-01-17-Reflecting-on-Bridging-Blocks-The-Invisible-Unhou,false
2025-01-20-Honoring-the-legacy-of-Dr-Martin-Luther-King-Jr-,false
2025-01-21-Exciting-News-Our-projects-are-making-waves-got,false
2025-01-22-Excited-to-share-what-s-happening-at-Gemini-Hos,false
2025-01-23-Thrilled-to-Be-Part-of-Something-Bigger-I-m-beyo,false
2025-01-24-Exciting-travel-plans-ahead-This-year-is-sha,false
2025-01-27-Honoring-Dr-Tony-Campolo-Today-my-heart-is-heav,false
2025-01-28-Nourish-Yourself-Nourish-the-Planet-Nestled-on-,false
2025-01-29-Missed-The-Lunar-New-Year-celebration-at-velvetwh,false
2025-01-30-A-Night-to-Remember-at-southjazzkitchen-The-s,false
2025-02-03-PSA-DON-T-SLEEP-ON-NORTH-3RD-north3rd-Last-nig,false
2025-02-05-Another-Unforgettable-Night-at-SOUTH-What-a-nig,false
2025-02-07-NORTHERN-LIBERTIES-RESTAURANT-WEEK-MAGIC-Not-on,false
2025-02-10-The-hospitality-industry-has-come-a-long-way-from-,false
2025-02-12-Did-you-know-NVIDIA-CEO-Jensen-Huang-started-as-a-,false
2025-02-12-Want-to-boost-profitability-while-keeping-guests,false
2025-02-19-STILL-TIME-TO-REGISTER-SUPPORT-Now-more-than-ev,false
2025-02-21-Celebrating-Success-at-the-6th-Annual-PAGE-Summit-,false
2025-02-25-What-an-incredible-evening-at-the-Love-Whiskey-U,false
2025-02-27-Attending-the-6th-Annual-PAGE-Summit-at-OICPhilad,false
2025-02-28-Honored-Inspired-What-an-absolute-pleasure-it,false
2025-03-03-THRILLED-HONORED-INSPIRED-This-week-it-was-mor,false
2025-03-04-FINALLY-MADE-IT-TO-THE-MACHINE-SHOP-AT-BOK-AN,false
2025-03-05-CALLING-ALL-FOODIES-MUSIC-LOVERS-If-you-hav,false
2025-03-06-COOL-EVENT-ALERT-I-am-very-much-looking-forward-t,false
2025-03-06-HER-CANVAS-HER-VOICE-WHAT-A-NIGHT-Wh,false
2025-03-07-Philly-s-Food-Scene-Was-POPPING-on-a-Tuesday-Wh,false
2025-03-10-Incredibly-Profound-Important-Board-Meeting-at-t,false
2025-03-11-Another-Magical-Night-at-SOUTH-Restaurant-Jazz-C,false
2025-03-13-Attending-the-6th-Annual-PAGE-ELGP-Summit-econo,false
2025-03-14-WOW-This-year-s-Philadelphia-Flower-Show-at-the-P,false
2025-03-16-Ever-been-to-church-with-an-ocean-view-and-ukulele,false
2025-03-17-MAXIMALIST-MAYHEM-AT-THE-PULPERY-Still-buzzing-,false
2025-03-18-PHILLY-Are-you-ready-for-an-unforgettable-night-o,false
2025-03-18-Philadelphia-deserves-a-real-multi-day-national-,false
2025-03-18-SOUTH-Where-Jazz-Meets-Culinary-Perfection-You,false
2025-03-19-Hawaii-wasn-t-just-about-relaxation-I-had-the-chan,false
2025-03-19-Turning-Surplus-into-Solutions-The-Future-of-Foo,false
2025-03-20-A-story-that-will-move-you-is-in-the-making-D,false
2025-03-20-Celebrating-Innovation-in-Agriculture-Huge-congr,false
2025-03-20-If-you-think-plant-based-food-is-boring-you-haven,false
2025-03-24-Riverwards-Produce-A-Local-Gem-in-Fishtown-Sto,false
2025-03-24-Shoutout-Alert-Huge-love-to-The-Social-at-Mor,false
2025-03-24-This-Weekend-at-SOUTH-Restaurant-Jazz-Club-MARI,false
2025-03-25-Heard-the-Wanamaker-Organ-one-last-time-this-weeke,false
2025-03-25-Shoutout-to-the-amazing-Waialua-Community-Associ,false
2025-03-25-This-Event-at-inliquidart-was-nothing-short-of-MA,false
2025-03-26-Honolulu-Museum-of-Art-A-Must-See-Experience-,false
2025-03-26-This-Event-was-absolutely-incredible-A-huge-than,false
2025-03-27-I-FORGOT-how-ridiculously-cool-the-Ritz-Carlton-in,false
2025-03-28-WOW-Just-WOW-I-got-a-chance-to-attend-the-Phil,false
2025-03-31-Hawaii-Travel-Recap-Just-visited-the-Polynes,false
2025-03-31-STILL-NOT-OVER-IT-ANGÉLIQUE-KIDJO-didn-t-just-per,false
2025-04-01-Big-News-from-I-Am-Hungry-We-re-deep-in-post-,false
2025-04-01-KIM-TUCKER-A-PHILLY-S-JAZZ-HERO-If-Philly-jazz,false
2025-04-01-Some-stories-find-you-when-you-least-expect-it-,false
2025-04-01-VIBES-UNMATCHED-This-weekend-at-the-W-Hotel-rae,false
2025-04-02-Hawaii-s-Street-Art-PURE-INSPIRATION-While,false
2025-04-02-Still-floating-after-seeing-the-one-and-only-NNENN,false
2025-04-02-Tipsy-Women-s-History-Delivered-the-Vibes-The-3r,false
2025-04-03-BIG-NEWS-Veggie-Graffiti-is-launching-pasteuriz,false
2025-04-03-Got-rocked-by-a-BBQ-revelation-my-brother-put-me-o,false
2025-04-03-PHILADELPHIA-WAS-COOKING-PUN-INTENDED-This-was,false
2025-04-04-Support-Local-Eat-Local-We-re-giving-a-big-sho,false
2025-04-07-Exploring-Kahuku-Farms-Hawaii-This-place-i,false
2025-04-07-LUHV-at-First-Bite-So-there-I-was-CRAVING-an-,false
2025-04-08-WE-CAME-WE-SIPPED-WE-SAMPLE-WE-SAMPLED-MORE-,false
2025-04-09-IT-WAS-A-SPIRITUAL-AWAKENING-Still-floating-afte,false
2025-04-10-Are-you-a-member-of-the-Eraserhood-community-looki,false
2025-04-10-Fueling-the-Future-One-Breakfast-at-a-Time-At-F,false
2025-04-10-PHILLY-IS-IN-FULL-BLOOM-BABY-Driving-back-from-,false
2025-04-11-Behind-the-Scenes-I-AM-HUNGRY-IN-PHILLY-We-just,false
2025-04-11-Bold-ideas-get-funded-here-Join-us-April-17th-a,false
2025-04-11-PHER-SHOWED-OUT-This-weekend-at-SOUTH-we-didn,false
2025-04-14-CALLING-ALL-FLAVOR-JUNKIES-Looking-for-something,false
2025-04-14-Celebrating-the-visionary-genius-of-David-Lynch-ar,false
2025-04-14-IT-WAS-A-MASTERCLASS-IN-MISSION-MEALS-MAGIC-,false
2025-04-15-CHECK-OUT-THE-SOUTHEAST-ASIAN-MARKET-I-got-a-chanc,false
2025-04-15-When-the-suits-show-up-AND-the-substance-follows-,false
2025-04-16-HOW-DO-I-KEEP-ENDING-UP-AT-BAR-HYGGE-HAPPY-HOUR-,false
2025-04-16-What-A-Day-My-brother-and-I-had-the-absolute-,false
2025-04-17-David-Lynch-a-creative-force-who-reshaped-the-la,false
2025-04-17-Playing-hooky-on-a-rainy-Friday-afternoon-Don-,false
2025-04-17-Poison-Heart-Philly-s-Neon-Soaked-Punk-Infused-C,false
2025-04-18-30-MILLION-VIEWS-IN-3-DAYS-That-s-the-kind-of-po,false
2025-04-18-This-Weekend-at-SOUTH-Was-Packed-Electric-Unforg,false
2025-04-21-WELCOME-TO-THE-NEIGHBORHOOD-HONEYSUCKLE-There-,false
2025-04-22-STILL-THE-BADDEST-BAR-ON-THE-BLOCK-Silk-City-was-,false
2025-04-22-THE-EVENT-WAS-ALREADY-LEGENDARY-What-happens-wh,false
2025-04-23-DIVINE-Dining-Local-Living-This-weekend-I-kept-,false
2025-04-23-SOUTH-Still-Swings-Supreme-I-know-I-know-I-soun,false
2025-04-24-Sundays-are-for-sinners-and-Cézanne-Today-s-v,false
2025-04-28-Philly-y-all-are-NOT-ready-for-this-one-On-4-,false
2025-04-29-Over-the-Top-Flavor-Bomb-BAD-ASS-TACOS-Rolled-,false
2025-04-29-Still-thirsty-Don-t-miss-a-sip-with-our-class-act,true
2025-04-30-C-Anthony-Bryant-5th-Sunday-BLEW-THE-ROOF-OFF-t,false
2025-04-30-I-had-the-honor-of-stepping-inside-a-place-where-d,false
2025-05-02-Why-is-it-easier-to-say-I-have-the-flu-than-I-f,false
2025-05-05-PHILLY-MEET-YOUR-NEWEST-LOVE-AFFAIR-HONEYSUCKLE-,false
2025-05-05-WHAT-A-DAY-in-Fairmount-I-had-the-absolute-pleas,false
2025-05-11-Life-gets-busy-We-get-caught-up-in-work-goals-a,false
2025-05-11-SOMI-DIDN-T-JUST-PERFORM-SHE-TRANSCENDED-Somi,false
2025-05-12-THIS-S-T-WAS-ON-FIRE-If-you-know-jazz-you-alre,false
2025-05-13-Velvet-Whip-Was-Ignited-with-Frankie-Fictitious-s-,false
2025-05-14-So-good-to-be-in-the-room-and-get-a-chance-to-ch,false
2025-05-14-When-the-Spirit-of-Nina-Simone-Took-the-Stage-,false
2025-05-15-Out-to-the-burbs-for-a-trip-down-memory-lane-Som,false
2025-05-18-Big-things-happening-in-Philly-I-m-excited-t,false
2025-05-20-My-friend-Angie-Wells-LIT-UP-the-stage-at-SOUTH-th,false
2025-05-22-Just-finished-Change-the-Recipe-by-José-Andrés-Po,false
2025-05-22-Ready-to-experience-the-energy-of-GPLEX-Join-m,false
2025-05-26-Looking-forward-to-being-part-of-something-powerfu,false
2025-05-26-Today-we-remember-On-this-Memorial-Day-I-honor,false
2025-05-27-Summer-vibes-loading-Crab-feasts-in-Ocean-City-,false
2025-05-27-We-couldn-t-be-prouder-to-open-our-doors-and-our-h,false
2025-05-28-Took-the-backroads-to-Sea-Isle-this-weekend-and-ma,false
2025-05-29-No-weekend-in-Sea-Isle-is-truly-complete-without-a,false
2025-05-29-Pulled-off-the-road-and-into-what-felt-like-a-post,false
2025-05-30-Mark-your-calendars-Philly-On-Thursday-June-1,false
2025-05-31-BIG-NEWS-PHILLY-This-weekend-I-m-pulling-up-to,false
2025-05-31-FAMILY-FEAST-MODE-ACTIVATED-Last-night-we-rolle,false
2025-06-01-Before-I-skipped-town-for-the-weekend-I-had-the-h,false
2025-06-02-I-was-bursting-with-pride-and-joy-as-we-celebrated,false
2025-06-04-Feeling-incredibly-honored-and-proud-to-have-been-,false
2025-06-04-THIS-WEEKEND-at-SOUTH-An-UNFORGETTABLE-jazz-exper,false
2025-06-04-What-if-solving-hunger-wasn-t-just-about-handing,false
2025-06-05-It-was-pure-magic-at-InLiquid-s-Human-Scale-openin,false
2025-06-06-LAST-NIGHT-WE-TOOK-FLIGHT-If-you-weren-t-at-,false
2025-06-08-From-a-scrappy-startup-to-a-blooming-business-V,false
2025-06-09-Just-had-the-pleasure-of-dining-at-Percy-and-let,false
2025-06-09-You-see-them-every-day-the-barista-the-mechanic-,false
2025-06-10-Still-riding-high-from-an-EPIC-day-at-the-Great-Ch,false
2025-06-11-This-week-we-had-an-electric-board-meeting-and-str,false
2025-06-12-Excited-for-this-year-s-GPLEX-with-the-Economy-Lea,false
2025-06-13-South-Side-Events-we-re-proud-to-support-The-Monk,false
2025-06-14-We-re-proud-to-feature-Miska-Vodka-at-SOUTH-a-lo,false
2025-06-16-ANNOUNCEMENT-TIME-We-re-launching-Writing-Room,true
2025-06-16-Follow-the-Yellow-Brick-Road-to-the-Academy-of-,true
2025-06-17-I-finally-made-it-to-FABRIKA-and-y-all-IT-DID-N,true
yellow-brick-music-academy,true

2025-05-29-No-weekend-in-Sea-Isle-is-truly-complete-without-a,true

2025-05-12-THIS-S-T-WAS-ON-FIRE-If-you-know-jazz-you-alre,true

2025-04-29-Still-thirsty-Don-t-miss-a-sip-with-our-class-act,true

"A Shore Thing: Why Harry Hayman Believes Mike's Seafood is a Jersey Shore Rite of Passage","Join Philadelphia hospitality expert Harry Hayman in celebrating a Jersey Shore institution. Discover why Mike's Seafood in Sea Isle City is more than just a meal—it's a tradition, a community, and the true taste of summer.","2025-05-29","2025-05-29","../../assets/blogs/2025-05-29-No-weekend-in-Sea-Isle-is-truly-complete-without-a/2025-05-29_21-03-00_UTC_1.jpg","A delicious-looking seafood platter from Mike's Seafood, featuring fried shrimp, scallops, and other delights, embodying the Jersey Shore summer experience.","harry-hayman,harry-hayman-philadelphia,sea-isle,jersey-shore,seafood,food,hospitality,tradition,community,travel","harry-hayman-mikes-seafood-sea-isle-tradition"

"A Sonic Resurrection: Harry Hayman on Lakecia Benjamin's Fiery Coltrane Tribute","Experience the spiritual awakening of jazz as Philadelphia's Harry Hayman reflects on Lakecia Benjamin's explosive tribute to John Coltrane. A night where music became a testament to legacy, passion, and the roaring spirit of jazz.","2025-05-12","2025-05-12","../../assets/blogs/2025-05-12-THIS-S-T-WAS-ON-FIRE-If-you-know-jazz-you-alre/2025-05-12_22-02-10_UTC_1.jpg","Saxophonist Lakecia Benjamin performing with fiery passion on stage, channeling the spirit of John Coltrane.","harry-hayman,harry-hayman-philadelphia,jazz,live-music,lakecia-benjamin,john-coltrane,philadelphia-jazz-experience,south-jazz-kitchen,arts,culture","lakecia-benjamin-coltrane-tribute-harry-hayman"
